<?xml version="1.0" encoding="UTF-8" standalone="no"?>
<!DOCTYPE preferences SYSTEM "http://java.sun.com/dtd/preferences.dtd">
<preferences EXTERNAL_XML_VERSION="1.0">
  <root type="user">
    <map/>
    <node name="edu">
      <map/>
      <node name="rpi">
        <map/>
        <node name="csci4963">
          <map>
            <entry key="left" value="47"/>
            <entry key="top" value="23"/>
            <entry key="width" value="258"/>
            <entry key="height" value="604"/>
          </map>
        </node>
      </node>
    </node>
  </root>
</preferences>
