﻿<?xml version='1.0'?>
<!DOCTYPE bookstore [
<!ELEMENT bookstore (book)*> 
<!ELEMENT book (title,author*,price)>
<!ATTLIST book genre CDATA #REQUIRED>
<!ELEMENT title (#PCDATA)>
<!ELEMENT author (name | (first-name,last-name))>
<!ELEMENT price (#PCDATA)>
<!ELEMENT name (#PCDATA)>
<!ELEMENT first-name (#PCDATA)>
<!ELEMENT last-name (#PCDATA)>
]>
<!-- This represents a fragment of a book store inventory database -->
<bookstore>
  <book genre="autobiography">
    <title>The Autobiography of Benjamin Franklin</title>
    <author>
      <first-name>Benjamin</first-name>
      <last-name>Franklin</last-name>
    </author>
    <price>8.99</price>
  </book>
  <book genre="novel">
    <title>The Confidence Man</title>
    <author>
      <first-name>Herman</first-name>
      <last-name>Melville</last-name>
    </author>
    <price>11.99</price>
  </book>
</bookstore>
